ID,sex,legend,diet,treatment,cohort,cage,noradrenaline,L_DOPA,DOPAC,dopamine,5HIAA,HVA,5HT,DOPAC_DOPAMINE,HVA_DOPAMINE,5HIAA_5HT,L_DOPA_DOPAMINE,DOPAC_HVA,active_ghrelin,corticosterone
101,F,Control Vehicle,Control,Vehicle,1,105,270.21,,2991.84,9802.83,431.55,1307.79,609.34,0.3052,0.1334,0.7082,,2.2877,0.089625,17.89683
105,M,Control Vehicle,Control,Vehicle,1,105,340.01,0.38,1477.59,6736.43,536.27,1397.93,693.2,0.2193,0.2075,0.7736,0,1.057,0.374931,126.5804
106,M,Control Vehicle,Control,Vehicle,1,105,257.58,83.61,1771.38,7138.63,339.37,1274.98,,0.2481,0.1786,0.6624,0.012,1.389,0.545433,90.31185
110,M,HFHS Vehicle,HFHS,Vehicle,1,110,347.6,144.45,2390.39,10731.27,528.61,1805.97,711.01,0.2228,0.1683,0.7435,0.013,1.324,0.203718,15.993
115,F,Control Vehicle,Control,Vehicle,1,104,322.48,0.42,2366.52,9608.32,498.97,1608.02,672.46,0.2463,0.1674,0.742,0,1.4717,0.263346,30.53577
116,M,Control Vehicle,Control,Vehicle,1,104,375.53,143.65,2727.83,10081.99,714.08,2066.7,711.33,0.2706,0.205,,0.014,1.32,0.439668,42.72816
119,M,HFHS Vehicle,HFHS,Vehicle,1,107,326.88,69.79,2070.94,8062.47,468.97,1629.89,622.29,0.2569,0.2022,0.7536,0.009,1.271,0.401907,12.6723
124,F,HFHS FOS+GOS,HFHS,FOS+GOS,1,106,308.14,122.99,4056.97,11789.89,522.81,2115.62,725.1,0.3441,0.1794,0.721,0.0104,1.9176,0.279756,19.75278
126,M,HFHS FOS+GOS,HFHS,FOS+GOS,1,106,330.43,,2575.68,8798.67,516.35,1926.44,672.25,0.2927,0.2189,0.7681,,1.337,0.285225,33.83745
130,F,HFHS 1472,HFHS,1472,1,115,337.42,142.28,4411.67,11766.25,634.65,2485.26,783.95,0.3749,0.2112,0.8096,0.0121,1.7751,0.743799,56.09778
131,F,HFHS 1472,HFHS,1472,1,115,347.33,60.37,2491.73,11245.51,613.34,2203,748.28,0.2216,0.1959,0.8197,0.0054,1.1311,0.642576,108.0806
133,M,HFHS 1472,HFHS,1472,1,115,333.03,102.84,2708.75,10237.9,566.3,1753.74,758.84,0.2646,0.1713,0.7463,0.01,1.545,0.827424,39.87798
135,F,HFHS 1472,HFHS,1472,1,111,318.44,58.76,3085.48,10602.88,552.74,1682.21,706.69,0.291,0.1587,0.7821,0.0055,1.8342,0.594864,15.14022
136,M,HFHS 1472,HFHS,1472,1,111,369.76,132.09,2141.67,9824.28,457.3,1514.66,803.25,0.218,0.1542,0.5693,0.013,1.414,0.268662,317.138
201,F,Control Vehicle,Control,Vehicle,2,117,296.89,0.32,3052.04,10812.42,572.58,1759.49,691.72,0.2823,0.1627,0.8278,0,1.7346,0.836205,78.40365
208,F,Control Vehicle,Control,Vehicle,2,122,308.62,0.81,2406.05,,451.93,1233.29,560.18,0.367,0.1881,0.8068,0.0001,1.9509,0.343758,51.08853
209,M,Control Vehicle,Control,Vehicle,2,122,387.63,227.45,2168.48,10825.28,538.91,1626.03,706.45,0.2003,0.1502,0.7628,0.021,1.334,0.222651,144.3342
211,F,HFHS Vehicle,HFHS,Vehicle,2,123,319.1,0.72,,8963.16,451.34,1306.59,670.09,0.229,0.1458,0.6736,0.0001,1.5707,0.361344,325.9234
212,F,HFHS Vehicle,HFHS,Vehicle,2,123,388.05,88.17,3020.82,12347.3,506.23,1930.14,785.92,0.2447,0.1563,0.6441,0.0071,1.5651,0.515211,54.22674
217,M,HFHS Vehicle,HFHS,Vehicle,2,123,288.69,177.65,2788.19,11241.19,488.84,1732.62,711.86,0.248,0.1541,0.6867,0.016,1.609,2.116269,44.94435
219,M,HFHS Vehicle,HFHS,Vehicle,2,121,271.23,97.36,2771.07,9179.15,476.28,1821.12,639.66,0.3019,0.1984,0.7446,0.011,1.522,0.483303,109.2027
225,F,HFHS FOS+GOS,HFHS,FOS+GOS,2,124,293.6,85.36,3803.8,10310.12,553.41,2126.42,701.94,0.3689,0.2062,0.7884,0.0083,1.7888,1.290171,79.74633
228,M,HFHS FOS+GOS,HFHS,FOS+GOS,2,124,346.7,125.56,2348.97,7273.94,433.9,1716.48,637.6,0.3229,0.236,0.6805,0.017,1.368,0.52233,172.1657
231,F,HFHS FOS+GOS,HFHS,FOS+GOS,2,119,311.27,118.44,3028.59,12843.5,494.93,1855.12,790.44,0.2358,0.1444,0.6261,0.0092,1.6326,0.840783,213.5033
232,F,HFHS FOS+GOS,HFHS,FOS+GOS,2,119,288.66,1.72,2994.75,10840.75,478.69,1724.91,676.37,0.2762,0.1591,0.7077,0.0002,1.7362,0.595953,
234,M,HFHS FOS+GOS,HFHS,FOS+GOS,2,119,329.02,139.02,2366.79,10922.73,480.46,1853.16,768.42,0.2167,0.1697,0.6253,0.013,1.277,0.249669,143.2351
236,F,HFHS FOS+GOS,HFHS,FOS+GOS,2,128,269.48,80.32,4113.85,12633.76,457.41,1712.75,797.94,0.3256,0.1356,0.5732,0.0064,2.4019,0.466257,284.7157
238,F,HFHS FOS+GOS,HFHS,FOS+GOS,2,128,348.77,54.33,3229.3,9360.51,505.9,1610.45,682.28,0.345,0.172,0.7415,0.0058,2.0052,0.251925,114.4461
241,M,HFHS FOS+GOS,HFHS,FOS+GOS,2,128,355.72,151.35,2949.87,11547.84,405.16,1660.69,705.51,0.2554,0.1438,0.5743,0.013,,1.299495,96.7785
243,M,HFHS FOS+GOS,HFHS,FOS+GOS,2,128,357.24,130.46,2857.37,12053.91,462.57,1966.27,752.77,0.237,0.1631,0.6145,0.011,1.453,0.445122,32.61834
246,F,HFHS 1472,HFHS,1472,2,120,315.96,53,3468.09,10088.61,552.39,1626.51,717.81,0.3438,0.1612,0.7696,0.0053,2.1322,,90.16704
248,F,HFHS 1472,HFHS,1472,2,127,381.15,0.8,2511.17,10376.52,656.23,2035.71,781.94,0.242,0.1962,0.8392,0.0001,1.2336,1.20423,141.8457
250,M,HFHS 1472,HFHS,1472,2,127,382.31,69.63,1887.35,9990.52,562.67,2099.25,795.02,0.1889,0.2101,0.7077,0.007,0.899,1.009818,70.50357
251,M,HFHS 1472,HFHS,1472,2,127,295.87,112.6,3447.15,11190.85,607.03,2210.46,744.4,0.308,0.1975,0.8155,0.01,1.559,0.222912,23.15553
302,F,HFHS Vehicle,HFHS,Vehicle,3,125,314.4,42.09,2829.88,9872.96,512.98,2028.79,691.82,0.2866,0.2055,0.7415,0.0043,1.3949,0.719496,27.86655
305,F,HFHS Vehicle,HFHS,Vehicle,3,125,333.9,50.64,3224.54,11401.39,437.35,1893.29,668.35,0.2828,0.1661,0.6544,0.0044,1.7031,0.29442,49.64154
306,F,HFHS Vehicle,HFHS,Vehicle,3,125,311.58,45.03,3253.97,11912.72,486.45,1465.07,713.28,0.2732,0.123,0.682,0.0038,,0.82242,42.21048
308,M,HFHS Vehicle,HFHS,Vehicle,3,125,294.77,0.27,1891.05,8768.91,450.24,1444.92,625.39,0.2157,0.1648,0.7199,0,1.309,0.333834,63.97515
312,M,HFHS FOS+GOS,HFHS,FOS+GOS,3,114,311.79,68.03,2348.16,10380.55,445.13,1835.37,670.61,0.2262,0.1768,0.6638,0.007,1.279,0.156468,126.2017
315,M,HFHS FOS+GOS,HFHS,FOS+GOS,3,114,406.91,106.71,2783.36,11313.39,528.02,1908.84,766.93,0.246,0.1687,0.6885,0.009,1.458,0.227577,101.7958
401,F,Control Vehicle,Control,Vehicle,4,129,376.33,1.31,2602.46,10760.5,481.94,1509.31,682.38,0.2419,0.1403,0.7063,0.0001,1.7243,0.160215,329.576
405,M,Control Vehicle,Control,Vehicle,4,129,387.36,139.38,2951.21,10306.14,495.15,1542.35,719.27,0.2864,0.1497,0.6884,0.014,1.913,0.284421,62.57055
408,F,Control Vehicle,Control,Vehicle,4,113,328.96,1.03,2201.8,10767.71,467.89,1467.8,702.55,0.2045,0.1363,0.666,0.0001,1.5001,0.562677,320.9747
412,M,Control Vehicle,Control,Vehicle,4,113,436.79,1.76,2034.47,10509.25,489.69,1492.53,740.78,0.1936,0.142,0.661,0,1.363,0.288573,31.81152
420,F,HFHS Vehicle,HFHS,Vehicle,4,126,343.04,49.35,3094.38,10526.82,627.29,2081.12,711.97,0.294,0.1977,,0.0047,1.4869,0.414906,64.03194
422,M,HFHS Vehicle,HFHS,Vehicle,4,126,299.25,95.84,2790.15,10505.54,462.57,1493.93,660.33,0.2656,0.1422,0.7005,0.009,1.868,0.816318,134.4077
435,F,HFHS 1472,HFHS,1472,4,116,355.32,0.8,2050.94,10443,453.82,1416.69,697.79,0.1964,0.1357,,0.0001,1.4477,0.106458,207.3497
438,M,HFHS 1472,HFHS,1472,4,116,351.71,45.89,1772.91,9796.18,452.29,1599.11,698.29,0.181,0.1632,0.6477,0.005,1.109,0.481674,72.57702
501,F,HFHS 1472,HFHS,1472,5,130,386.16,44.03,2640.7,9803.66,522.51,1601.75,676.78,0.2694,0.1634,0.772,0.0045,1.6486,,
507,M,HFHS 1472,HFHS,1472,5,130,349.89,42.07,2723.82,11381.15,555.87,1832.07,709.35,0.2393,0.161,0.7836,0.004,1.487,,
